0, -0.108834, -0.130853, 0.242571, -0.154436, -0.114431
0.001, -0.0937729, -0.115373, 0.245187, -0.137412, -0.0995151
0.002, -0.0789004, -0.100086, 0.247792, -0.12067, -0.084788
0.003, -0.0642149, -0.0849917, 0.250384, -0.104207, -0.0702487
0.004, -0.0497148, -0.0700874, 0.252963, -0.0880176, -0.0558956
0.005, -0.0353989, -0.0553718, 0.25553, -0.0720976, -0.0417271
0.006, -0.0212656, -0.0408438, 0.258085, -0.056443, -0.0277417
0.007, -0.00731363, -0.0265016, 0.260628, -0.0410494, -0.0139378
0.008, 0.00645849, -0.0123441, 0.263158, -0.025913, -0.000314032
0.009, 0.0200521, 0.00163038, 0.265676, -0.0110295, 0.0131312
0.01, 0.0334687, 0.0154231, 0.268182, 0.00360486, 0.0263993
0.011, 0.0467095, 0.0290356, 0.270676, 0.017994, 0.0394919
0.012, 0.0597759, 0.0424692, 0.273158, 0.0321418, 0.0524104
0.013, 0.0726694, 0.0557253, 0.275627, 0.046052, 0.0651562
0.014, 0.0853913, 0.0688053, 0.278085, 0.0597283, 0.0777308
0.015, 0.0979429, 0.0817107, 0.28053, 0.0731743, 0.0901357
0.016, 0.110326, 0.0944427, 0.282963, 0.0863936, 0.102372
0.017, 0.122541, 0.107003, 0.285384, 0.0993897, 0.114442
0.018, 0.134589, 0.119392, 0.287793, 0.112166, 0.126346
0.019, 0.146473, 0.131613, 0.29019, 0.124726, 0.138087
0.02, 0.158194, 0.143665, 0.292576, 0.137073, 0.149665
0.021, 0.169752, 0.155551, 0.294949, 0.14921, 0.161081
0.022, 0.181149, 0.167272, 0.29731, 0.161141, 0.172338
0.023, 0.192386, 0.178829, 0.29966, 0.172869, 0.183436
0.024, 0.203465, 0.190224, 0.301997, 0.184396, 0.194378
0.025, 0.214388, 0.201457, 0.304323, 0.195727, 0.205163
0.026, 0.225154, 0.212531, 0.306637, 0.206863, 0.215794
0.027, 0.235765, 0.223446, 0.308939, 0.217808, 0.226273
0.028, 0.246224, 0.234204, 0.311229, 0.228565, 0.2366
0.029, 0.256531, 0.244806, 0.313508, 0.239136, 0.246776
0.03, 0.266686, 0.255254, 0.315774, 0.249526, 0.256803
0.031, 0.276693, 0.265548, 0.318029, 0.259735, 0.266683
0.032, 0.286551, 0.27569, 0.320273, 0.269767, 0.276417
0.033, 0.296262, 0.285682, 0.322505, 0.279625, 0.286005
0.034, 0.305828, 0.295523, 0.324725, 0.289311, 0.29545
0.035, 0.315249, 0.305217, 0.326933, 0.298829, 0.304752
0.036, 0.324527, 0.314764, 0.32913, 0.308179, 0.313914
0.037, 0.333663, 0.324165, 0.331316, 0.317366, 0.322935
0.038, 0.342658, 0.333421, 0.333489, 0.326391, 0.331818
0.039, 0.351514, 0.342535, 0.335652, 0.335256, 0.340563
0.04, 0.360231, 0.351506, 0.337802, 0.343965, 0.349172
0.041, 0.368811, 0.360337, 0.339942, 0.35252, 0.357647
0.042, 0.377254, 0.369028, 0.34207, 0.360922, 0.365987
0.043, 0.385563, 0.377581, 0.344186, 0.369174, 0.374196
0.044, 0.393739, 0.385996, 0.346291, 0.377278, 0.382273
0.045, 0.401782, 0.394276, 0.348385, 0.385237, 0.39022
0.046, 0.409694, 0.402421, 0.350467, 0.393053, 0.398039
0.047, 0.417475, 0.410433, 0.352539, 0.400727, 0.40573
0.048, 0.425128, 0.418312, 0.354598, 0.408262, 0.413294
0.049, 0.432652, 0.42606, 0.356647, 0.41566, 0.420733
0.05, 0.440051, 0.433679, 0.358684, 0.422922, 0.428049
0.051, 0.447323, 0.441168, 0.36071, 0.430052, 0.435241
0.052, 0.454471, 0.44853, 0.362725, 0.437049, 0.442312
0.053, 0.461496, 0.455765, 0.364728, 0.443918, 0.449262
0.054, 0.468399, 0.462875, 0.366721, 0.450659, 0.456093
0.055, 0.475181, 0.469861, 0.368702, 0.457274, 0.462806
0.056, 0.481842, 0.476724, 0.370673, 0.463765, 0.469402
0.057, 0.488385, 0.483465, 0.372632, 0.470134, 0.475881
0.058, 0.494811, 0.490085, 0.37458, 0.476383, 0.482246
0.059, 0.501119, 0.496586, 0.376517, 0.482513, 0.488497
0.06, 0.507312, 0.502968, 0.378443, 0.488526, 0.494635
0.061, 0.513391, 0.509232, 0.380358, 0.494423, 0.500662
0.062, 0.519356, 0.515381, 0.382262, 0.500207, 0.506579
0.063, 0.525209, 0.521414, 0.384155, 0.505878, 0.512386
0.064, 0.530951, 0.527333, 0.386037, 0.511439, 0.518084
0.065, 0.536582, 0.533139, 0.387909, 0.516891, 0.523676
0.066, 0.542105, 0.538833, 0.389769, 0.522235, 0.529161
0.067, 0.547519, 0.544416, 0.391619, 0.527474, 0.534542
0.068, 0.552827, 0.549889, 0.393458, 0.532607, 0.539818
0.069, 0.558028, 0.555254, 0.395286, 0.537638, 0.544991
0.07, 0.563124, 0.560511, 0.397103, 0.542566, 0.550062
0.071, 0.568117, 0.565661, 0.398909, 0.547395, 0.555033
0.072, 0.573006, 0.570706, 0.400705, 0.552124, 0.559903
0.073, 0.577794, 0.575647, 0.40249, 0.556756, 0.564675
0.074, 0.582481, 0.580483, 0.404265, 0.561291, 0.569349
0.075, 0.587068, 0.585218, 0.406028, 0.565731, 0.573925
0.076, 0.591556, 0.589851, 0.407781, 0.570078, 0.578406
0.077, 0.595946, 0.594383, 0.409524, 0.574332, 0.582793
0.078, 0.60024, 0.598817, 0.411256, 0.578495, 0.587085
0.079, 0.604437, 0.603152, 0.412977, 0.582568, 0.591284
0.08, 0.60854, 0.607389, 0.414688, 0.586552, 0.595392
0.081, 0.612549, 0.61153, 0.416388, 0.590449, 0.599408
0.082, 0.616464, 0.615576, 0.418078, 0.594259, 0.603335
0.083, 0.620288, 0.619527, 0.419758, 0.597983, 0.607172
0.084, 0.624021, 0.623385, 0.421427, 0.601624, 0.610921
0.085, 0.627663, 0.627151, 0.423085, 0.605181, 0.614583
0.086, 0.631217, 0.630825, 0.424733, 0.608656, 0.618159
0.087, 0.634682, 0.634409, 0.426371, 0.61205, 0.62165
0.088, 0.63806, 0.637903, 0.427998, 0.615365, 0.625056
0.089, 0.641351, 0.641308, 0.429616, 0.6186, 0.628379
0.09, 0.644558, 0.644626, 0.431222, 0.621758, 0.631619
0.091, 0.647679, 0.647858, 0.432819, 0.624838, 0.634778
0.092, 0.650717, 0.651003, 0.434405, 0.627843, 0.637856
0.093, 0.653673, 0.654064, 0.435981, 0.630773, 0.640854
0.094, 0.656547, 0.657041, 0.437547, 0.633629, 0.643773
0.095, 0.659339, 0.659935, 0.439103, 0.636412, 0.646614
0.096, 0.662052, 0.662747, 0.440648, 0.639123, 0.649378
0.097, 0.664686, 0.665478, 0.442184, 0.641763, 0.652066
0.098, 0.667242, 0.668128, 0.443709, 0.644332, 0.654678
0.099, 0.66972, 0.6707, 0.445224, 0.646832, 0.657215
0.1, 0.672122, 0.673193, 0.44673, 0.649264, 0.659679
0.101, 0.674448, 0.675608, 0.448225, 0.651628, 0.66207
0.102, 0.6767, 0.677947, 0.44971, 0.653925, 0.664389
0.103, 0.678878, 0.68021, 0.451185, 0.656156, 0.666637
0.104, 0.680983, 0.682398, 0.45265, 0.658323, 0.668814
0.105, 0.683015, 0.684513, 0.454106, 0.660424, 0.670922
0.106, 0.684977, 0.686554, 0.455551, 0.662463, 0.672961
0.107, 0.686868, 0.688523, 0.456987, 0.664438, 0.674932
0.108, 0.688689, 0.69042, 0.458412, 0.666352, 0.676835
0.109, 0.690442, 0.692247, 0.459828, 0.668204, 0.678673
0.11, 0.692127, 0.694004, 0.461234, 0.669996, 0.680445
0.111, 0.693744, 0.695693, 0.46263, 0.671728, 0.682153
0.112, 0.695295, 0.697313, 0.464016, 0.673402, 0.683796
0.113, 0.696781, 0.698866, 0.465393, 0.675017, 0.685376
0.114, 0.698202, 0.700353, 0.46676, 0.676574, 0.686894
0.115, 0.699559, 0.701774, 0.468117, 0.678075, 0.68835
0.116, 0.700853, 0.703131, 0.469465, 0.67952, 0.689746
0.117, 0.702085, 0.704424, 0.470803, 0.680909, 0.691081
0.118, 0.703255, 0.705653, 0.472131, 0.682244, 0.692357
0.119, 0.704364, 0.70682, 0.47345, 0.683524, 0.693575
0.12, 0.705414, 0.707926, 0.474759, 0.684752, 0.694734
0.121, 0.706404, 0.708971, 0.476059, 0.685926, 0.695837
0.122, 0.707335, 0.709956, 0.477349, 0.687048, 0.696883
0.123, 0.708209, 0.710882, 0.478629, 0.688119, 0.697873
0.124, 0.709027, 0.711749, 0.4799, 0.68914, 0.698809
0.125, 0.709787, 0.712559, 0.481162, 0.690109, 0.69969
0.126, 0.710493, 0.713312, 0.482414, 0.69103, 0.700518
0.127, 0.711144, 0.714009, 0.483657, 0.691901, 0.701293
0.128, 0.711741, 0.71465, 0.48489, 0.692724, 0.702017
0.129, 0.712284, 0.715237, 0.486114, 0.6935, 0.702688
0.13, 0.712776, 0.71577, 0.487329, 0.694228, 0.703309
0.131, 0.713215, 0.71625, 0.488534, 0.69491, 0.70388
0.132, 0.713603, 0.716678, 0.48973, 0.695545, 0.704402
0.133, 0.713941, 0.717054, 0.490917, 0.696135, 0.704875
0.134, 0.71423, 0.717379, 0.492095, 0.696681, 0.7053
0.135, 0.714469, 0.717654, 0.493263, 0.697182, 0.705678
0.136, 0.71466, 0.71788, 0.494422, 0.697639, 0.706009
0.137, 0.714804, 0.718057, 0.495572, 0.698053, 0.706294
0.138, 0.714901, 0.718185, 0.496713, 0.698425, 0.706534
0.139, 0.714952, 0.718267, 0.497845, 0.698754, 0.70673
0.14, 0.714957, 0.718302, 0.498967, 0.699042, 0.706881
0.141, 0.714918, 0.718291, 0.500081, 0.699289, 0.706989
0.142, 0.714834, 0.718234, 0.501186, 0.699495, 0.707054
0.143, 0.714707, 0.718133, 0.502281, 0.699661, 0.707077
0.144, 0.714537, 0.717989, 0.503367, 0.699788, 0.707059
0.145, 0.714325, 0.717801, 0.504445, 0.699876, 0.706999
0.146, 0.714072, 0.71757, 0.505514, 0.699925, 0.7069
0.147, 0.713777, 0.717298, 0.506573, 0.699936, 0.70676
0.148, 0.713443, 0.716984, 0.507624, 0.69991, 0.706582
0.149, 0.713069, 0.71663, 0.508666, 0.699847, 0.706365
0.15, 0.712656, 0.716236, 0.509699, 0.699747, 0.706111
0.151, 0.712205, 0.715803, 0.510723, 0.699612, 0.705819
0.152, 0.711716, 0.715331, 0.511738, 0.699441, 0.705491
0.153, 0.71119, 0.714821, 0.512745, 0.699235, 0.705126
0.154, 0.710628, 0.714274, 0.513742, 0.698994, 0.704726
0.155, 0.71003, 0.71369, 0.514732, 0.698719, 0.704292
0.156, 0.709397, 0.71307, 0.515712, 0.69841, 0.703822
0.157, 0.708729, 0.712414, 0.516683, 0.698069, 0.703319
0.158, 0.708027, 0.711724, 0.517646, 0.697694, 0.702783
0.159, 0.707292, 0.711, 0.518601, 0.697288, 0.702214
0.16, 0.706524, 0.710242, 0.519546, 0.696849, 0.701614
0.161, 0.705724, 0.70945, 0.520484, 0.69638, 0.700981
0.162, 0.704892, 0.708627, 0.521412, 0.695879, 0.700318
0.163, 0.704029, 0.707772, 0.522332, 0.695348, 0.699624
0.164, 0.703136, 0.706885, 0.523244, 0.694787, 0.6989
0.165, 0.702213, 0.705968, 0.524147, 0.694196, 0.698147
0.166, 0.70126, 0.70502, 0.525041, 0.693576, 0.697365
0.167, 0.700279, 0.704044, 0.525927, 0.692927, 0.696554
0.168, 0.69927, 0.703038, 0.526805, 0.69225, 0.695716
0.169, 0.698233, 0.702004, 0.527674, 0.691546, 0.694851
0.17, 0.697168, 0.700942, 0.528535, 0.690814, 0.693958
0.171, 0.696078, 0.699853, 0.529387, 0.690054, 0.69304
0.172, 0.694961, 0.698737, 0.530231, 0.689269, 0.692095
0.173, 0.693819, 0.697595, 0.531067, 0.688457, 0.691126
0.174, 0.692651, 0.696428, 0.531895, 0.687619, 0.690131
0.175, 0.69146, 0.695235, 0.532714, 0.686756, 0.689113
0.176, 0.690244, 0.694018, 0.533525, 0.685868, 0.68807
0.177, 0.689005, 0.692778, 0.534328, 0.684956, 0.687004
0.178, 0.687744, 0.691513, 0.535123, 0.68402, 0.685916
0.179, 0.68646, 0.690226, 0.535909, 0.683059, 0.684805
0.18, 0.685154, 0.688916, 0.536688, 0.682076, 0.683672
0.181, 0.683826, 0.687585, 0.537458, 0.68107, 0.682518
0.182, 0.682478, 0.686232, 0.53822, 0.680041, 0.681342
0.183, 0.68111, 0.684858, 0.538974, 0.67899, 0.680147
0.184, 0.679721, 0.683464, 0.53972, 0.677917, 0.678931
0.185, 0.678314, 0.68205, 0.540458, 0.676823, 0.677695
0.186, 0.676887, 0.680617, 0.541188, 0.675708, 0.676441
0.187, 0.675442, 0.679165, 0.54191, 0.674573, 0.675168
0.188, 0.673979, 0.677694, 0.542624, 0.673417, 0.673876
0.189, 0.672499, 0.676206, 0.54333, 0.672242, 0.672567
0.19, 0.671002, 0.6747, 0.544029, 0.671047, 0.67124
0.191, 0.669488, 0.673177, 0.544719, 0.669834, 0.669897
0.192, 0.667958, 0.671638, 0.545402, 0.668601, 0.668536
0.193, 0.666413, 0.670083, 0.546076, 0.667351, 0.66716
0.194, 0.664852, 0.668512, 0.546743, 0.666083, 0.665768
0.195, 0.663277, 0.666926, 0.547402, 0.664797, 0.664361
0.196, 0.661687, 0.665326, 0.548054, 0.663494, 0.662939
0.197, 0.660084, 0.663711, 0.548697, 0.662174, 0.661502
0.198, 0.658467, 0.662083, 0.549333, 0.660838, 0.660052
0.199, 0.656837, 0.660442, 0.549961, 0.659486, 0.658588
0.2, 0.655195, 0.658787, 0.550582, 0.658118, 0.65711
0.201, 0.65354, 0.65712, 0.551195, 0.656735, 0.65562
0.202, 0.651874, 0.655442, 0.5518, 0.655338, 0.654117
0.203, 0.650197, 0.653751, 0.552398, 0.653925, 0.652602
0.204, 0.648509, 0.65205, 0.552988, 0.652499, 0.651075
0.205, 0.64681, 0.650338, 0.553571, 0.651058, 0.649538
0.206, 0.645101, 0.648616, 0.554146, 0.649604, 0.647989
0.207, 0.643383, 0.646884, 0.554714, 0.648137, 0.646429
0.208, 0.641656, 0.645142, 0.555274, 0.646658, 0.64486
0.209, 0.639919, 0.643391, 0.555826, 0.645165, 0.64328
0.21, 0.638175, 0.641632, 0.556372, 0.643661, 0.641691
0.211, 0.636422, 0.639864, 0.556909, 0.642145, 0.640093
0.212, 0.634661, 0.638089, 0.55744, 0.640618, 0.638487
0.213, 0.632893, 0.636306, 0.557963, 0.63908, 0.636871
0.214, 0.631119, 0.634516, 0.558479, 0.637531, 0.635248
0.215, 0.629337, 0.632719, 0.558987, 0.635971, 0.633617
0.216, 0.62755, 0.630916, 0.559489, 0.634402, 0.631979
0.217, 0.625757, 0.629108, 0.559983, 0.632823, 0.630334
0.218, 0.623958, 0.627293, 0.560469, 0.631234, 0.628682
0.219, 0.622154, 0.625473, 0.560949, 0.629637, 0.627023
0.22, 0.620346, 0.623649, 0.561421, 0.628031, 0.625359
0.221, 0.618533, 0.62182, 0.561887, 0.626417, 0.623689
0.222, 0.616716, 0.619987, 0.562345, 0.624795, 0.622013
0.223, 0.614895, 0.61815, 0.562796, 0.623165, 0.620333
0.224, 0.613071, 0.616309, 0.563239, 0.621527, 0.618647
0.225, 0.611244, 0.614466, 0.563676, 0.619883, 0.616958
0.226, 0.609414, 0.61262, 0.564106, 0.618232, 0.615264
0.227, 0.607582, 0.610771, 0.564529, 0.616574, 0.613566
0.228, 0.605748, 0.608921, 0.564945, 0.614911, 0.611865
0.229, 0.603913, 0.607068, 0.565353, 0.613242, 0.61016
0.23, 0.602075, 0.605214, 0.565755, 0.611567, 0.608453
0.231, 0.600237, 0.60336, 0.56615, 0.609888, 0.606743
0.232, 0.598398, 0.601504, 0.566538, 0.608203, 0.605031
0.233, 0.596559, 0.599648, 0.566919, 0.606514, 0.603317
0.234, 0.594719, 0.597792, 0.567294, 0.604821, 0.601601
0.235, 0.59288, 0.595936, 0.567661, 0.603124, 0.599883
0.236, 0.591041, 0.59408, 0.568022, 0.601423, 0.598164
0.237, 0.589203, 0.592226, 0.568376, 0.599719, 0.596445
0.238, 0.587365, 0.590372, 0.568723, 0.598012, 0.594724
0.239, 0.58553, 0.58852, 0.569063, 0.596303, 0.593004
0.24, 0.583695, 0.586669, 0.569397, 0.594591, 0.591283
0.241, 0.581863, 0.584821, 0.569724, 0.592877, 0.589562
0.242, 0.580033, 0.582974, 0.570044, 0.591162, 0.587842
0.243, 0.578205, 0.581131, 0.570358, 0.589444, 0.586123
0.244, 0.57638, 0.57929, 0.570665, 0.587726, 0.584404
0.245, 0.574558, 0.577452, 0.570966, 0.586007, 0.582687
0.246, 0.57274, 0.575617, 0.57126, 0.584287, 0.580971
0.247, 0.570925, 0.573786, 0.571547, 0.582566, 0.579257
0.248, 0.569113, 0.571959, 0.571828, 0.580846, 0.577545
0.249, 0.567306, 0.570137, 0.572103, 0.579126, 0.575834
0.25, 0.565503, 0.568318, 0.572371, 0.577406, 0.574127
0.251, 0.563705, 0.566505, 0.572632, 0.575688, 0.572422
0.252, 0.561911, 0.564696, 0.572887, 0.57397, 0.57072
0.253, 0.560122, 0.562892, 0.573136, 0.572253, 0.569021
0.254, 0.558339, 0.561094, 0.573378, 0.570539, 0.567325
0.255, 0.556561, 0.559302, 0.573614, 0.568826, 0.565633
0.256, 0.554789, 0.557515, 0.573844, 0.567115, 0.563944
0.257, 0.553023, 0.555735, 0.574068, 0.565406, 0.56226
0.258, 0.551263, 0.553961, 0.574285, 0.5637, 0.56058
0.259, 0.54951, 0.552193, 0.574496, 0.561997, 0.558904
0.26, 0.547763, 0.550433, 0.5747, 0.560297, 0.557233
0.261, 0.546023, 0.548679, 0.574899, 0.558601, 0.555567
0.262, 0.54429, 0.546933, 0.575091, 0.556908, 0.553906
0.263, 0.542565, 0.545194, 0.575277, 0.555219, 0.55225
0.264, 0.540847, 0.543463, 0.575457, 0.553535, 0.5506
0.265, 0.539136, 0.54174, 0.575631, 0.551854, 0.548955
0.266, 0.537434, 0.540025, 0.575799, 0.550179, 0.547316
0.267, 0.53574, 0.538319, 0.57596, 0.548508, 0.545684
0.268, 0.534054, 0.536621, 0.576116, 0.546842, 0.544057
0.269, 0.532376, 0.534931, 0.576266, 0.545182, 0.542437
0.27, 0.530707, 0.533251, 0.57641, 0.543527, 0.540824
0.271, 0.529048, 0.53158, 0.576547, 0.541878, 0.539217
0.272, 0.527397, 0.529918, 0.576679, 0.540235, 0.537618
0.273, 0.525755, 0.528266, 0.576805, 0.538599, 0.536025
0.274, 0.524123, 0.526623, 0.576925, 0.536969, 0.53444
0.275, 0.522501, 0.52499, 0.577039, 0.535345, 0.532862
0.276, 0.520888, 0.523367, 0.577147, 0.533729, 0.531293
0.277, 0.519285, 0.521755, 0.57725, 0.53212, 0.529731
0.278, 0.517693, 0.520153, 0.577347, 0.530518, 0.528177
0.279, 0.516111, 0.518561, 0.577438, 0.528923, 0.526631
0.28, 0.514539, 0.516981, 0.577523, 0.527337, 0.525093
0.281, 0.512978, 0.515411, 0.577602, 0.525758, 0.523564
0.282, 0.511427, 0.513852, 0.577676, 0.524188, 0.522044
0.283, 0.509888, 0.512304, 0.577744, 0.522626, 0.520532
0.284, 0.508359, 0.510768, 0.577806, 0.521072, 0.51903
0.285, 0.506842, 0.509244, 0.577863, 0.519527, 0.517536
0.286, 0.505336, 0.507731, 0.577914, 0.517992, 0.516052
0.287, 0.503842, 0.506229, 0.57796, 0.516465, 0.514577
0.288, 0.50236, 0.50474, 0.578, 0.514948, 0.513112
0.289, 0.500889, 0.503263, 0.578034, 0.51344, 0.511657
0.29, 0.49943, 0.501798, 0.578063, 0.511943, 0.510211
0.291, 0.497983, 0.500346, 0.578087, 0.510455, 0.508775
0.292, 0.496549, 0.498906, 0.578105, 0.508977, 0.50735
0.293, 0.495126, 0.497479, 0.578118, 0.507509, 0.505934
0.294, 0.493717, 0.496064, 0.578125, 0.506052, 0.504529
0.295, 0.492319, 0.494663, 0.578127, 0.504605, 0.503134
0.296, 0.490935, 0.493274, 0.578123, 0.503169, 0.50175
0.297, 0.489563, 0.491899, 0.578114, 0.501744, 0.500377
0.298, 0.488204, 0.490537, 0.5781, 0.50033, 0.499015
0.299, 0.486858, 0.489188, 0.57808, 0.498928, 0.497663
0.3, 0.485526, 0.487853, 0.578056, 0.497537, 0.496323
0.301, 0.484206, 0.486531, 0.578026, 0.496157, 0.494994
0.302, 0.4829, 0.485223, 0.57799, 0.494789, 0.493676
0.303, 0.481608, 0.483929, 0.57795, 0.493433, 0.492369
0.304, 0.480329, 0.482649, 0.577904, 0.492089, 0.491074
0.305, 0.479063, 0.481383, 0.577854, 0.490757, 0.489791
0.306, 0.477812, 0.480131, 0.577798, 0.489437, 0.488519
0.307, 0.476574, 0.478893, 0.577737, 0.48813, 0.487259
0.308, 0.47535, 0.477669, 0.577671, 0.486835, 0.486011
0.309, 0.47414, 0.47646, 0.577599, 0.485553, 0.484775
0.31, 0.472944, 0.475265, 0.577523, 0.484284, 0.483551
0.311, 0.471762, 0.474085, 0.577442, 0.483028, 0.48234
0.312, 0.470595, 0.472919, 0.577356, 0.481785, 0.48114
0.313, 0.469442, 0.471769, 0.577265, 0.480555, 0.479953
0.314, 0.468303, 0.470632, 0.577169, 0.479338, 0.478779
0.315, 0.467179, 0.469511, 0.577068, 0.478135, 0.477617
0.316, 0.46607, 0.468405, 0.576962, 0.476945, 0.476467
0.317, 0.464975, 0.467314, 0.576851, 0.475769, 0.475331
0.318, 0.463894, 0.466237, 0.576736, 0.474607, 0.474207
0.319, 0.462829, 0.465176, 0.576616, 0.473458, 0.473096
0.32, 0.461778, 0.46413, 0.576491, 0.472323, 0.471998
0.321, 0.460742, 0.4631, 0.576361, 0.471203, 0.470912
0.322, 0.459721, 0.462084, 0.576226, 0.470097, 0.46984
0.323, 0.458715, 0.461084, 0.576087, 0.469005, 0.468781
0.324, 0.457724, 0.4601, 0.575943, 0.467927, 0.467736
0.325, 0.456748, 0.45913, 0.575794, 0.466864, 0.466703
0.326, 0.455787, 0.458177, 0.57564, 0.465815, 0.465684
0.327, 0.454841, 0.457239, 0.575482, 0.46478, 0.464678
0.328, 0.453911, 0.456316, 0.57532, 0.463761, 0.463686
0.329, 0.452996, 0.455409, 0.575153, 0.462756, 0.462707
0.33, 0.452096, 0.454518, 0.574981, 0.461766, 0.461742
0.331, 0.451211, 0.453643, 0.574805, 0.460791, 0.46079
0.332, 0.450342, 0.452783, 0.574624, 0.459831, 0.459852
0.333, 0.449488, 0.451939, 0.574439, 0.458886, 0.458928
0.334, 0.448649, 0.451111, 0.574249, 0.457956, 0.458017
0.335, 0.447826, 0.450299, 0.574055, 0.457041, 0.45712
0.336, 0.447018, 0.449502, 0.573856, 0.456141, 0.456237
0.337, 0.446226, 0.448722, 0.573654, 0.455257, 0.455368
0.338, 0.44545, 0.447957, 0.573446, 0.454388, 0.454513
0.339, 0.444688, 0.447208, 0.573235, 0.453534, 0.453672
0.34, 0.443943, 0.446475, 0.573019, 0.452696, 0.452845
0.341, 0.443213, 0.445758, 0.572799, 0.451873, 0.452032
0.342, 0.442498, 0.445058, 0.572574, 0.451065, 0.451232
0.343, 0.441799, 0.444373, 0.572345, 0.450274, 0.450447
0.344, 0.441116, 0.443704, 0.572112, 0.449497, 0.449676
0.345, 0.440448, 0.443051, 0.571875, 0.448737, 0.44892
0.346, 0.439796, 0.442414, 0.571634, 0.447992, 0.448177
0.347, 0.43916, 0.441793, 0.571389, 0.447262, 0.447448
0.348, 0.438539, 0.441188, 0.571139, 0.446549, 0.446734
0.349, 0.437933, 0.440599, 0.570885, 0.445851, 0.446034
0.35, 0.437343, 0.440026, 0.570628, 0.445169, 0.445348
0.351, 0.436769, 0.439469, 0.570366, 0.444502, 0.444677
0.352, 0.436211, 0.438928, 0.5701, 0.443852, 0.44402
0.353, 0.435668, 0.438403, 0.56983, 0.443217, 0.443377
0.354, 0.43514, 0.437894, 0.569557, 0.442598, 0.442748
0.355, 0.434628, 0.437401, 0.569279, 0.441995, 0.442134
0.356, 0.434132, 0.436924, 0.568997, 0.441408, 0.441534
0.357, 0.433651, 0.436463, 0.568712, 0.440836, 0.440948
0.358, 0.433185, 0.436017, 0.568422, 0.44028, 0.440377
0.359, 0.432736, 0.435588, 0.568129, 0.439741, 0.43982
0.36, 0.432301, 0.435174, 0.567832, 0.439217, 0.439277
0.361, 0.431882, 0.434776, 0.567531, 0.438708, 0.438749
0.362, 0.431478, 0.434394, 0.567226, 0.438216, 0.438235
0.363, 0.43109, 0.434028, 0.566918, 0.437739, 0.437735
0.364, 0.430717, 0.433677, 0.566606, 0.437279, 0.43725
0.365, 0.43036, 0.433343, 0.56629, 0.436834, 0.436779
0.366, 0.430017, 0.433023, 0.56597, 0.436404, 0.436322
0.367, 0.42969, 0.43272, 0.565647, 0.435991, 0.43588
0.368, 0.429378, 0.432432, 0.56532, 0.435593, 0.435452
0.369, 0.429082, 0.43216, 0.564989, 0.435211, 0.435038
0.37, 0.4288, 0.431903, 0.564655, 0.434844, 0.434638
0.371, 0.428534, 0.431662, 0.564317, 0.434493, 0.434253
0.372, 0.428282, 0.431436, 0.563976, 0.434158, 0.433882
0.373, 0.428046, 0.431225, 0.563631, 0.433839, 0.433525
0.374, 0.427824, 0.43103, 0.563283, 0.433534, 0.433182
0.375, 0.427618, 0.43085, 0.562931, 0.433246, 0.432854
0.376, 0.427426, 0.430685, 0.562576, 0.432973, 0.43254
0.377, 0.427249, 0.430536, 0.562217, 0.432715, 0.43224
0.378, 0.427087, 0.430401, 0.561855, 0.432473, 0.431953
0.379, 0.42694, 0.430282, 0.56149, 0.432246, 0.431682
0.38, 0.426807, 0.430178, 0.561121, 0.432034, 0.431424
0.381, 0.426689, 0.430089, 0.560749, 0.431837, 0.43118
0.382, 0.426585, 0.430014, 0.560374, 0.431656, 0.43095
0.383, 0.426496, 0.429955, 0.559995, 0.43149, 0.430734
0.384, 0.426421, 0.42991, 0.559613, 0.431339, 0.430532
0.385, 0.426361, 0.42988, 0.559228, 0.431203, 0.430344
0.386, 0.426315, 0.429864, 0.558839, 0.431081, 0.430169
0.387, 0.426283, 0.429864, 0.558448, 0.430975, 0.430009
0.388, 0.426265, 0.429877, 0.558053, 0.430884, 0.429862
0.389, 0.426262, 0.429905, 0.557655, 0.430807, 0.429729
0.39, 0.426272, 0.429948, 0.557254, 0.430745, 0.42961
0.391, 0.426296, 0.430004, 0.55685, 0.430698, 0.429504
0.392, 0.426334, 0.430075, 0.556443, 0.430665, 0.429412
0.393, 0.426386, 0.43016, 0.556033, 0.430647, 0.429333
0.394, 0.426452, 0.430259, 0.55562, 0.430643, 0.429268
0.395, 0.426531, 0.430373, 0.555203, 0.430653, 0.429217
0.396, 0.426624, 0.4305, 0.554784, 0.430678, 0.429179
0.397, 0.42673, 0.43064, 0.554362, 0.430717, 0.429154
0.398, 0.42685, 0.430795, 0.553937, 0.43077, 0.429142
0.399, 0.426983, 0.430963, 0.553509, 0.430837, 0.429144
0.4, 0.427129, 0.431145, 0.553078, 0.430917, 0.429159
0.401, 0.427289, 0.43134, 0.552644, 0.431012, 0.429187
0.402, 0.427461, 0.431548, 0.552208, 0.431121, 0.429228
0.403, 0.427647, 0.43177, 0.551769, 0.431243, 0.429283
0.404, 0.427845, 0.432005, 0.551327, 0.431379, 0.42935
0.405, 0.428056, 0.432254, 0.550882, 0.431528, 0.42943
0.406, 0.42828, 0.432515, 0.550434, 0.43169, 0.429523
0.407, 0.428516, 0.432789, 0.549984, 0.431866, 0.429628
0.408, 0.428765, 0.433076, 0.549531, 0.432055, 0.429747
0.409, 0.429027, 0.433375, 0.549075, 0.432258, 0.429878
0.41, 0.4293, 0.433687, 0.548617, 0.432473, 0.430021
0.411, 0.429586, 0.434012, 0.548156, 0.432701, 0.430177
0.412, 0.429884, 0.434349, 0.547692, 0.432942, 0.430346
0.413, 0.430194, 0.434699, 0.547226, 0.433196, 0.430527
0.414, 0.430516, 0.43506, 0.546758, 0.433462, 0.43072
0.415, 0.43085, 0.435434, 0.546287, 0.43374, 0.430925
0.416, 0.431195, 0.43582, 0.545813, 0.434032, 0.431143
0.417, 0.431552, 0.436218, 0.545337, 0.434335, 0.431372
0.418, 0.431921, 0.436627, 0.544858, 0.43465, 0.431614
0.419, 0.432301, 0.437048, 0.544378, 0.434978, 0.431867
0.42, 0.432692, 0.437481, 0.543894, 0.435317, 0.432133
0.421, 0.433094, 0.437925, 0.543408, 0.435669, 0.43241
0.422, 0.433508, 0.43838, 0.54292, 0.436032, 0.432699
0.423, 0.433932, 0.438847, 0.54243, 0.436406, 0.432999
0.424, 0.434368, 0.439325, 0.541937, 0.436793, 0.433311
0.425, 0.434814, 0.439813, 0.541442, 0.43719, 0.433634
0.426, 0.43527, 0.440313, 0.540945, 0.437599, 0.433969
0.427, 0.435737, 0.440824, 0.540446, 0.438019, 0.434315
0.428, 0.436215, 0.441345, 0.539944, 0.438449, 0.434672
0.429, 0.436703, 0.441876, 0.53944, 0.438891, 0.43504
0.43, 0.437201, 0.442418, 0.538934, 0.439344, 0.435419
0.431, 0.437709, 0.44297, 0.538426, 0.439807, 0.435809
0.432, 0.438227, 0.443533, 0.537916, 0.440281, 0.43621
0.433, 0.438755, 0.444105, 0.537403, 0.440765, 0.436621
0.434, 0.439292, 0.444687, 0.536889, 0.441259, 0.437043
0.435, 0.439839, 0.445279, 0.536373, 0.441763, 0.437476
0.436, 0.440396, 0.445881, 0.535854, 0.442278, 0.437919
0.437, 0.440961, 0.446492, 0.535334, 0.442802, 0.438373
0.438, 0.441536, 0.447113, 0.534811, 0.443336, 0.438837
0.439, 0.44212, 0.447743, 0.534287, 0.44388, 0.43931
0.44, 0.442713, 0.448382, 0.533761, 0.444433, 0.439794
0.441, 0.443315, 0.44903, 0.533233, 0.444996, 0.440288
0.442, 0.443925, 0.449687, 0.532703, 0.445568, 0.440792
0.443, 0.444544, 0.450353, 0.532171, 0.446149, 0.441305
0.444, 0.445172, 0.451027, 0.531637, 0.446739, 0.441828
0.445, 0.445807, 0.45171, 0.531101, 0.447338, 0.442361
0.446, 0.446451, 0.452401, 0.530564, 0.447945, 0.442903
0.447, 0.447103, 0.4531, 0.530025, 0.448561, 0.443454
0.448, 0.447763, 0.453808, 0.529484, 0.449186, 0.444015
0.449, 0.448431, 0.454523, 0.528942, 0.449819, 0.444585
0.45, 0.449106, 0.455246, 0.528398, 0.45046, 0.445163
0.451, 0.449789, 0.455977, 0.527852, 0.451109, 0.445751
0.452, 0.450479, 0.456715, 0.527304, 0.451766, 0.446347
0.453, 0.451176, 0.457461, 0.526755, 0.452431, 0.446953
0.454, 0.45188, 0.458214, 0.526205, 0.453103, 0.447566
0.455, 0.452592, 0.458974, 0.525653, 0.453783, 0.448188
0.456, 0.45331, 0.459741, 0.525099, 0.45447, 0.448819
0.457, 0.454035, 0.460515, 0.524544, 0.455164, 0.449458
0.458, 0.454766, 0.461295, 0.523987, 0.455866, 0.450104
0.459, 0.455504, 0.462082, 0.523429, 0.456574, 0.450759
0.46, 0.456248, 0.462876, 0.522869, 0.45729, 0.451422
0.461, 0.456998, 0.463676, 0.522308, 0.458012, 0.452092
0.462, 0.457755, 0.464481, 0.521746, 0.45874, 0.452771
0.463, 0.458517, 0.465293, 0.521182, 0.459475, 0.453456
0.464, 0.459284, 0.466111, 0.520617, 0.460216, 0.454149
0.465, 0.460058, 0.466934, 0.52005, 0.460963, 0.45485
0.466, 0.460836, 0.467763, 0.519482, 0.461716, 0.455557
0.467, 0.461621, 0.468597, 0.518913, 0.462475, 0.456272
0.468, 0.46241, 0.469437, 0.518343, 0.46324, 0.456994
0.469, 0.463204, 0.470281, 0.517772, 0.46401, 0.457722
0.47, 0.464003, 0.47113, 0.517199, 0.464786, 0.458457
0.471, 0.464807, 0.471985, 0.516625, 0.465567, 0.459199
0.472, 0.465615, 0.472843, 0.51605, 0.466353, 0.459947
0.473, 0.466428, 0.473707, 0.515474, 0.467144, 0.460701
0.474, 0.467245, 0.474574, 0.514896, 0.467939, 0.461462
0.475, 0.468066, 0.475446, 0.514318, 0.46874, 0.462229
0.476, 0.468891, 0.476322, 0.513739, 0.469545, 0.463001
0.477, 0.46972, 0.477202, 0.513158, 0.470355, 0.46378
0.478, 0.470552, 0.478085, 0.512577, 0.471169, 0.464564
0.479, 0.471388, 0.478973, 0.511994, 0.471987, 0.465354
0.48, 0.472228, 0.479863, 0.511411, 0.472809, 0.466149
0.481, 0.473071, 0.480757, 0.510827, 0.473635, 0.466949
0.482, 0.473916, 0.481654, 0.510241, 0.474464, 0.467755
0.483, 0.474765, 0.482554, 0.509655, 0.475297, 0.468566
0.484, 0.475617, 0.483456, 0.509068, 0.476134, 0.469381
0.485, 0.476471, 0.484362, 0.50848, 0.476974, 0.470202
0.486, 0.477328, 0.48527, 0.507892, 0.477817, 0.471027
0.487, 0.478187, 0.48618, 0.507302, 0.478664, 0.471856
0.488, 0.479048, 0.487092, 0.506712, 0.479513, 0.47269
0.489, 0.479911, 0.488007, 0.506121, 0.480365, 0.473529
0.49, 0.480776, 0.488923, 0.505529, 0.481219, 0.474371
0.491, 0.481643, 0.489842, 0.504937, 0.482076, 0.475217
0.492, 0.482512, 0.490761, 0.504344, 0.482935, 0.476067
0.493, 0.483382, 0.491683, 0.50375, 0.483797, 0.476921
0.494, 0.484253, 0.492605, 0.503155, 0.484661, 0.477779
0.495, 0.485126, 0.493529, 0.502561, 0.485526, 0.47864
0.496, 0.485999, 0.494453, 0.501965, 0.486394, 0.479504
0.497, 0.486874, 0.495379, 0.501369, 0.487263, 0.480371
0.498, 0.487749, 0.496305, 0.500772, 0.488133, 0.481242
0.499, 0.488624, 0.497231, 0.500175, 0.489005, 0.482115
0.5, 0.4895, 0.498158, 0.499577, 0.489878, 0.482991
0.501, 0.490376, 0.499085, 0.498979, 0.490753, 0.48387
0.502, 0.491253, 0.500013, 0.498381, 0.491628, 0.484751
0.503, 0.492129, 0.50094, 0.497782, 0.492504, 0.485634
0.504, 0.493005, 0.501867, 0.497183, 0.493381, 0.48652
0.505, 0.493881, 0.502793, 0.496583, 0.494259, 0.487408
0.506, 0.494756, 0.503719, 0.495983, 0.495137, 0.488297
0.507, 0.49563, 0.504644, 0.495383, 0.496016, 0.489189
0.508, 0.496504, 0.505568, 0.494782, 0.496894, 0.490082
0.509, 0.497377, 0.506491, 0.494181, 0.497773, 0.490977
0.51, 0.498248, 0.507413, 0.49358, 0.498651, 0.491873
0.511, 0.499119, 0.508334, 0.492978, 0.49953, 0.49277
0.512, 0.499988, 0.509253, 0.492377, 0.500408, 0.493668
0.513, 0.500855, 0.51017, 0.491775, 0.501286, 0.494567
0.514, 0.501721, 0.511086, 0.491173, 0.502163, 0.495467
0.515, 0.502584, 0.511999, 0.490571, 0.503039, 0.496368
0.516, 0.503446, 0.512911, 0.489969, 0.503915, 0.497269
0.517, 0.504306, 0.51382, 0.489367, 0.504789, 0.49817
0.518, 0.505163, 0.514727, 0.488765, 0.505663, 0.499072
0.519, 0.506018, 0.515631, 0.488162, 0.506535, 0.499974
0.52, 0.50687, 0.516533, 0.48756, 0.507406, 0.500875
0.521, 0.50772, 0.517431, 0.486958, 0.508275, 0.501777
0.522, 0.508567, 0.518327, 0.486356, 0.509143, 0.502678
0.523, 0.50941, 0.519219, 0.485754, 0.510009, 0.503578
0.524, 0.510251, 0.520108, 0.485151, 0.510874, 0.504478
0.525, 0.511088, 0.520994, 0.48455, 0.511736, 0.505378
0.526, 0.511921, 0.521876, 0.483948, 0.512596, 0.506276
0.527, 0.512751, 0.522754, 0.483346, 0.513455, 0.507173
0.528, 0.513577, 0.523628, 0.482745, 0.51431, 0.508069
0.529, 0.514399, 0.524498, 0.482143, 0.515164, 0.508963
0.53, 0.515217, 0.525364, 0.481542, 0.516015, 0.509856
0.531, 0.516031, 0.526225, 0.480942, 0.516863, 0.510748
0.532, 0.516841, 0.527082, 0.480341, 0.517708, 0.511637
0.533, 0.517646, 0.527934, 0.479741, 0.51855, 0.512525
0.534, 0.518446, 0.528782, 0.479141, 0.51939, 0.51341
0.535, 0.519242, 0.529624, 0.478542, 0.520226, 0.514293
0.536, 0.520032, 0.530461, 0.477943, 0.521059, 0.515174
0.537, 0.520818, 0.531293, 0.477344, 0.521888, 0.516052
0.538, 0.521598, 0.532119, 0.476746, 0.522714, 0.516928
0.539, 0.522373, 0.53294, 0.476148, 0.523536, 0.517801
0.54, 0.523142, 0.533755, 0.47555, 0.524355, 0.518671
0.541, 0.523906, 0.534565, 0.474954, 0.52517, 0.519537
0.542, 0.524664, 0.535368, 0.474357, 0.52598, 0.520401
0.543, 0.525416, 0.536165, 0.473762, 0.526787, 0.521261
0.544, 0.526162, 0.536956, 0.473166, 0.52759, 0.522117
0.545, 0.526901, 0.53774, 0.472572, 0.528388, 0.52297
0.546, 0.527635, 0.538518, 0.471978, 0.529182, 0.523819
0.547, 0.528361, 0.539289, 0.471384, 0.529971, 0.524664
0.548, 0.529082, 0.540053, 0.470792, 0.530755, 0.525505
0.549, 0.529795, 0.54081, 0.4702, 0.531535, 0.526341
0.55, 0.530501, 0.54156, 0.469608, 0.53231, 0.527173
0.551, 0.531201, 0.542302, 0.469018, 0.53308, 0.528001
0.552, 0.531893, 0.543037, 0.468428, 0.533845, 0.528824
0.553, 0.532578, 0.543765, 0.467839, 0.534605, 0.529642
0.554, 0.533256, 0.544485, 0.467251, 0.535359, 0.530455
0.555, 0.533926, 0.545197, 0.466663, 0.536108, 0.531262
0.556, 0.534588, 0.545901, 0.466077, 0.536852, 0.532065
0.557, 0.535242, 0.546597, 0.465491, 0.537589, 0.532862
0.558, 0.535889, 0.547284, 0.464906, 0.538322, 0.533654
0.559, 0.536527, 0.547963, 0.464323, 0.539048, 0.534439
0.56, 0.537157, 0.548634, 0.46374, 0.539768, 0.535219
0.561, 0.537779, 0.549296, 0.463158, 0.540483, 0.535993
0.562, 0.538392, 0.549949, 0.462577, 0.541191, 0.536761
0.563, 0.538996, 0.550594, 0.461997, 0.541893, 0.537523
0.564, 0.539592, 0.551229, 0.461418, 0.542588, 0.538278
0.565, 0.540179, 0.551855, 0.460841, 0.543277, 0.539026
0.566, 0.540757, 0.552472, 0.460264, 0.54396, 0.539768
0.567, 0.541326, 0.553079, 0.459689, 0.544636, 0.540503
0.568, 0.541886, 0.553677, 0.459114, 0.545305, 0.541231
0.569, 0.542436, 0.554265, 0.458541, 0.545967, 0.541952
0.57, 0.542976, 0.554843, 0.457969, 0.546622, 0.542666
0.571, 0.543508, 0.555411, 0.457398, 0.547271, 0.543372
0.572, 0.544029, 0.555969, 0.456829, 0.547912, 0.544071
0.573, 0.54454, 0.556517, 0.45626, 0.548546, 0.544762
0.574, 0.545042, 0.557055, 0.455693, 0.549172, 0.545445
0.575, 0.545533, 0.557582, 0.455128, 0.549791, 0.54612
0.576, 0.546015, 0.558099, 0.454563, 0.550403, 0.546788
0.577, 0.546486, 0.558605, 0.454, 0.551006, 0.547446
0.578, 0.546946, 0.5591, 0.453439, 0.551602, 0.548097
0.579, 0.547396, 0.559584, 0.452878, 0.552191, 0.548739
0.58, 0.547835, 0.560058, 0.45232, 0.552771, 0.549373
0.581, 0.548264, 0.56052, 0.451762, 0.553343, 0.549997
0.582, 0.548682, 0.560971, 0.451206, 0.553907, 0.550613
0.583, 0.549088, 0.56141, 0.450652, 0.554463, 0.55122
0.584, 0.549484, 0.561838, 0.450099, 0.555011, 0.551817
0.585, 0.549868, 0.562255, 0.449548, 0.55555, 0.552406
0.586, 0.550241, 0.562659, 0.448998, 0.55608, 0.552985
0.587, 0.550603, 0.563052, 0.44845, 0.556602, 0.553554
0.588, 0.550953, 0.563433, 0.447904, 0.557116, 0.554113
0.589, 0.551291, 0.563802, 0.447359, 0.55762, 0.554663
0.59, 0.551618, 0.564159, 0.446816, 0.558116, 0.555203
0.591, 0.551933, 0.564504, 0.446274, 0.558602, 0.555733
0.592, 0.552236, 0.564836, 0.445734, 0.55908, 0.556253
0.593, 0.552526, 0.565156, 0.445196, 0.559548, 0.556762
0.594, 0.552805, 0.565463, 0.44466, 0.560008, 0.557261
0.595, 0.553072, 0.565758, 0.444126, 0.560457, 0.557749
0.596, 0.553326, 0.56604, 0.443593, 0.560898, 0.558226
0.597, 0.553568, 0.566309, 0.443062, 0.561329, 0.558693
0.598, 0.553797, 0.566565, 0.442533, 0.56175, 0.559149
0.599, 0.554014, 0.566808, 0.442006, 0.562161, 0.559594
0.6, 0.554218, 0.567038, 0.441481, 0.562563, 0.560027
0.601, 0.554409, 0.567255, 0.440958, 0.562955, 0.560449
0.602, 0.554587, 0.567458, 0.440437, 0.563337, 0.56086
0.603, 0.554753, 0.567648, 0.439918, 0.563709, 0.561259
0.604, 0.554905, 0.567825, 0.4394, 0.56407, 0.561647
0.605, 0.555044, 0.567988, 0.438885, 0.564422, 0.562022
0.606, 0.55517, 0.568137, 0.438372, 0.564763, 0.562386
0.607, 0.555283, 0.568273, 0.437861, 0.565094, 0.562738
0.608, 0.555382, 0.568394, 0.437352, 0.565414, 0.563078
0.609, 0.555468, 0.568502, 0.436845, 0.565723, 0.563405
0.61, 0.55554, 0.568596, 0.43634, 0.566022, 0.56372
0.611, 0.555599, 0.568676, 0.435838, 0.566311, 0.564023
0.612, 0.555644, 0.568742, 0.435337, 0.566588, 0.564313
0.613, 0.555675, 0.568793, 0.434839, 0.566854, 0.56459
0.614, 0.555693, 0.56883, 0.434343, 0.56711, 0.564855
0.615, 0.555697, 0.568853, 0.433849, 0.567354, 0.565106
0.616, 0.555686, 0.568862, 0.433358, 0.567587, 0.565345
0.617, 0.555662, 0.568855, 0.432869, 0.567809, 0.565571
0.618, 0.555623, 0.568835, 0.432382, 0.568019, 0.565783
0.619, 0.555571, 0.568799, 0.431898, 0.568218, 0.565982
0.62, 0.555504, 0.568749, 0.431416, 0.568406, 0.566167
0.621, 0.555423, 0.568685, 0.430937, 0.568582, 0.566339
0.622, 0.555327, 0.568605, 0.43046, 0.568746, 0.566498
0.623, 0.555217, 0.56851, 0.429985, 0.568898, 0.566642
0.624, 0.555093, 0.568401, 0.429513, 0.569039, 0.566773
0.625, 0.554954, 0.568276, 0.429043, 0.569167, 0.56689
0.626, 0.5548, 0.568137, 0.428576, 0.569284, 0.566993
0.627, 0.554632, 0.567982, 0.428112, 0.569388, 0.567081
0.628, 0.554449, 0.567812, 0.42765, 0.56948, 0.567156
0.629, 0.554252, 0.567627, 0.42719, 0.56956, 0.567216
0.63, 0.554039, 0.567427, 0.426733, 0.569628, 0.567262
0.631, 0.553812, 0.567211, 0.426279, 0.569683, 0.567293
0.632, 0.55357, 0.56698, 0.425828, 0.569726, 0.56731
0.633, 0.553313, 0.566734, 0.425379, 0.569756, 0.567312
0.634, 0.553041, 0.566472, 0.424933, 0.569773, 0.5673
0.635, 0.552755, 0.566194, 0.42449, 0.569778, 0.567272
0.636, 0.552453, 0.565901, 0.42405, 0.569769, 0.56723
0.637, 0.552136, 0.565593, 0.423612, 0.569748, 0.567173
0.638, 0.551804, 0.565269, 0.423177, 0.569714, 0.5671
0.639, 0.551456, 0.564929, 0.422745, 0.569667, 0.567013
0.64, 0.551094, 0.564573, 0.422316, 0.569606, 0.56691
0.641, 0.550717, 0.564202, 0.42189, 0.569533, 0.566792
0.642, 0.550324, 0.563815, 0.421466, 0.569446, 0.566659
0.643, 0.549916, 0.563413, 0.421046, 0.569345, 0.56651
0.644, 0.549493, 0.562994, 0.420628, 0.569231, 0.566345
0.645, 0.549054, 0.56256, 0.420214, 0.569104, 0.566165
0.646, 0.5486, 0.56211, 0.419802, 0.568963, 0.56597
0.647, 0.548131, 0.561644, 0.419394, 0.568808, 0.565758
0.648, 0.547646, 0.561162, 0.418989, 0.56864, 0.565531
0.649, 0.547146, 0.560664, 0.418586, 0.568458, 0.565288
0.65, 0.546631, 0.56015, 0.418187, 0.568261, 0.56503
0.651, 0.5461, 0.559621, 0.417791, 0.568051, 0.564755
0.652, 0.545554, 0.559075, 0.417398, 0.567827, 0.564464
0.653, 0.544993, 0.558514, 0.417009, 0.567588, 0.564157
0.654, 0.544416, 0.557937, 0.416622, 0.567335, 0.563834
0.655, 0.543823, 0.557343, 0.416239, 0.567069, 0.563495
0.656, 0.543216, 0.556734, 0.415859, 0.566787, 0.563139
0.657, 0.542592, 0.556109, 0.415482, 0.566491, 0.562767
0.658, 0.541954, 0.555468, 0.415109, 0.566181, 0.562379
0.659, 0.5413, 0.554811, 0.414738, 0.565856, 0.561975
0.66, 0.54063, 0.554138, 0.414372, 0.565517, 0.561554
0.661, 0.539946, 0.553449, 0.414008, 0.565163, 0.561116
0.662, 0.539246, 0.552744, 0.413648, 0.564794, 0.560662
0.663, 0.53853, 0.552023, 0.413292, 0.56441, 0.560192
0.664, 0.537799, 0.551286, 0.412938, 0.564011, 0.559705
0.665, 0.537053, 0.550534, 0.412589, 0.563597, 0.559201
0.666, 0.536291, 0.549766, 0.412242, 0.563168, 0.558681
0.667, 0.535514, 0.548981, 0.4119, 0.562725, 0.558144
0.668, 0.534722, 0.548181, 0.411561, 0.562266, 0.55759
0.669, 0.533915, 0.547365, 0.411225, 0.561791, 0.557019
0.67, 0.533092, 0.546534, 0.410893, 0.561302, 0.556432
0.671, 0.532254, 0.545687, 0.410564, 0.560797, 0.555828
0.672, 0.531401, 0.544824, 0.41024, 0.560276, 0.555207
0.673, 0.530533, 0.543945, 0.409919, 0.559741, 0.55457
0.674, 0.52965, 0.543051, 0.409601, 0.559189, 0.553915
0.675, 0.528752, 0.542141, 0.409287, 0.558622, 0.553244
0.676, 0.527838, 0.541215, 0.408977, 0.55804, 0.552555
0.677, 0.52691, 0.540274, 0.408671, 0.557441, 0.55185
0.678, 0.525967, 0.539318, 0.408369, 0.556827, 0.551128
0.679, 0.525009, 0.538346, 0.40807, 0.556198, 0.550389
0.68, 0.524036, 0.537359, 0.407775, 0.555552, 0.549633
0.681, 0.523048, 0.536356, 0.407484, 0.55489, 0.54886
0.682, 0.522045, 0.535338, 0.407197, 0.554213, 0.548071
0.683, 0.521028, 0.534305, 0.406914, 0.553519, 0.547264
0.684, 0.519996, 0.533257, 0.406634, 0.552809, 0.54644
0.685, 0.51895, 0.532194, 0.406359, 0.552084, 0.5456
0.686, 0.517889, 0.531116, 0.406087, 0.551342, 0.544743
0.687, 0.516814, 0.530023, 0.40582, 0.550584, 0.543869
0.688, 0.515724, 0.528914, 0.405556, 0.54981, 0.542978
0.689, 0.51462, 0.527792, 0.405297, 0.549019, 0.54207
0.69, 0.513502, 0.526654, 0.405042, 0.548212, 0.541145
0.691, 0.51237, 0.525502, 0.404791, 0.547389, 0.540204
0.692, 0.511223, 0.524335, 0.404543, 0.54655, 0.539245
0.693, 0.510063, 0.523153, 0.4043, 0.545694, 0.53827
0.694, 0.508888, 0.521957, 0.404062, 0.544821, 0.537278
0.695, 0.5077, 0.520747, 0.403827, 0.543932, 0.53627
0.696, 0.506498, 0.519522, 0.403597, 0.543027, 0.535245
0.697, 0.505283, 0.518284, 0.40337, 0.542105, 0.534203
0.698, 0.504054, 0.517031, 0.403148, 0.541167, 0.533145
0.699, 0.502811, 0.515764, 0.402931, 0.540212, 0.53207
0.7, 0.501555, 0.514484, 0.402717, 0.53924, 0.530979
0.701, 0.500286, 0.513189, 0.402508, 0.538252, 0.529871
0.702, 0.499003, 0.511881, 0.402304, 0.537247, 0.528747
0.703, 0.497708, 0.51056, 0.402103, 0.536226, 0.527606
0.704, 0.496399, 0.509225, 0.401907, 0.535188, 0.52645
0.705, 0.495078, 0.507876, 0.401716, 0.534133, 0.525277
0.706, 0.493744, 0.506515, 0.401529, 0.533062, 0.524088
0.707, 0.492397, 0.50514, 0.401346, 0.531973, 0.522882
0.708, 0.491038, 0.503752, 0.401168, 0.530869, 0.521661
0.709, 0.489666, 0.502351, 0.400994, 0.529747, 0.520424
0.71, 0.488282, 0.500938, 0.400825, 0.528609, 0.519171
0.711, 0.486886, 0.499512, 0.400661, 0.527455, 0.517902
0.712, 0.485478, 0.498073, 0.400501, 0.526283, 0.516617
0.713, 0.484058, 0.496622, 0.400346, 0.525095, 0.515316
0.714, 0.482626, 0.495159, 0.400195, 0.52389, 0.514
0.715, 0.481182, 0.493684, 0.400049, 0.522669, 0.512669
0.716, 0.479727, 0.492197, 0.399908, 0.521431, 0.511322
0.717, 0.478261, 0.490698, 0.399771, 0.520177, 0.50996
0.718, 0.476784, 0.489187, 0.399639, 0.518906, 0.508583
0.719, 0.475295, 0.487665, 0.399512, 0.517618, 0.50719
0.72, 0.473796, 0.486131, 0.39939, 0.516314, 0.505783
0.721, 0.472286, 0.484587, 0.399272, 0.514994, 0.50436
0.722, 0.470765, 0.483031, 0.39916, 0.513657, 0.502923
0.723, 0.469233, 0.481464, 0.399052, 0.512304, 0.501471
0.724, 0.467692, 0.479887, 0.398949, 0.510934, 0.500005
0.725, 0.46614, 0.478299, 0.398851, 0.509548, 0.498524
0.726, 0.464579, 0.4767, 0.398758, 0.508146, 0.497029
0.727, 0.463007, 0.475092, 0.39867, 0.506728, 0.49552
0.728, 0.461426, 0.473473, 0.398586, 0.505293, 0.493996
0.729, 0.459836, 0.471844, 0.398508, 0.503843, 0.492459
0.73, 0.458236, 0.470206, 0.398435, 0.502376, 0.490908
0.731, 0.456627, 0.468558, 0.398367, 0.500894, 0.489343
0.732, 0.455009, 0.466901, 0.398304, 0.499396, 0.487765
0.733, 0.453383, 0.465235, 0.398246, 0.497882, 0.486173
0.734, 0.451747, 0.46356, 0.398193, 0.496352, 0.484568
0.735, 0.450104, 0.461876, 0.398145, 0.494807, 0.48295
0.736, 0.448452, 0.460184, 0.398103, 0.493246, 0.481319
0.737, 0.446793, 0.458483, 0.398065, 0.491669, 0.479676
0.738, 0.445126, 0.456775, 0.398033, 0.490078, 0.47802
0.739, 0.443451, 0.455058, 0.398006, 0.488471, 0.476351
0.74, 0.441769, 0.453333, 0.397985, 0.486849, 0.47467
0.741, 0.440079, 0.451601, 0.397968, 0.485212, 0.472977
0.742, 0.438383, 0.449862, 0.397957, 0.48356, 0.471272
0.743, 0.43668, 0.448116, 0.397951, 0.481894, 0.469556
0.744, 0.434971, 0.446363, 0.397951, 0.480213, 0.467828
0.745, 0.433255, 0.444603, 0.397956, 0.478517, 0.466088
0.746, 0.431534, 0.442837, 0.397966, 0.476807, 0.464338
0.747, 0.429806, 0.441064, 0.397982, 0.475083, 0.462576
0.748, 0.428073, 0.439286, 0.398003, 0.473344, 0.460804
0.749, 0.426334, 0.437502, 0.39803, 0.471592, 0.459021
0.75, 0.424591, 0.435713, 0.398062, 0.469826, 0.457228
0.751, 0.422842, 0.433919, 0.3981, 0.468046, 0.455425
0.752, 0.421089, 0.432119, 0.398143, 0.466253, 0.453612
0.753, 0.419332, 0.430315, 0.398192, 0.464447, 0.451789
0.754, 0.41757, 0.428507, 0.398247, 0.462627, 0.449957
0.755, 0.415805, 0.426694, 0.398307, 0.460795, 0.448115
0.756, 0.414036, 0.424877, 0.398373, 0.45895, 0.446265
0.757, 0.412263, 0.423057, 0.398444, 0.457092, 0.444405
0.758, 0.410488, 0.421233, 0.398521, 0.455222, 0.442538
0.759, 0.408709, 0.419407, 0.398604, 0.45334, 0.440662
0.76, 0.406928, 0.417577, 0.398692, 0.451446, 0.438778
0.761, 0.405145, 0.415745, 0.398787, 0.449541, 0.436886
0.762, 0.40336, 0.41391, 0.398887, 0.447624, 0.434987
0.763, 0.401573, 0.412074, 0.398993, 0.445695, 0.43308
0.764, 0.399784, 0.410236, 0.399104, 0.443756, 0.431167
0.765, 0.397994, 0.408397, 0.399222, 0.441806, 0.429247
0.766, 0.396204, 0.406556, 0.399345, 0.439846, 0.42732
0.767, 0.394413, 0.404715, 0.399475, 0.437875, 0.425387
0.768, 0.392621, 0.402873, 0.39961, 0.435895, 0.423449
0.769, 0.39083, 0.401031, 0.399751, 0.433905, 0.421505
0.77, 0.389038, 0.399189, 0.399899, 0.431905, 0.419555
0.771, 0.387248, 0.397347, 0.400052, 0.429896, 0.417601
0.772, 0.385458, 0.395506, 0.400211, 0.427879, 0.415642
0.773, 0.38367, 0.393667, 0.400376, 0.425853, 0.413679
0.774, 0.381883, 0.391828, 0.400548, 0.423819, 0.411711
0.775, 0.380098, 0.389992, 0.400725, 0.421777, 0.40974
0.776, 0.378315, 0.388157, 0.400909, 0.419727, 0.407766
0.777, 0.376535, 0.386325, 0.401098, 0.41767, 0.405788
0.778, 0.374757, 0.384495, 0.401294, 0.415607, 0.403808
0.779, 0.372983, 0.382669, 0.401496, 0.413536, 0.401825
0.78, 0.371212, 0.380846, 0.401705, 0.41146, 0.39984
0.781, 0.369445, 0.379027, 0.401919, 0.409378, 0.397854
0.782, 0.367683, 0.377211, 0.40214, 0.40729, 0.395866
0.783, 0.365924, 0.375401, 0.402367, 0.405197, 0.393877
0.784, 0.364171, 0.373595, 0.402601, 0.4031, 0.391888
0.785, 0.362423, 0.371794, 0.40284, 0.400998, 0.389898
0.786, 0.360681, 0.369999, 0.403087, 0.398892, 0.387908
0.787, 0.358944, 0.368209, 0.403339, 0.396783, 0.385919
0.788, 0.357214, 0.366426, 0.403598, 0.394671, 0.383931
0.789, 0.355491, 0.36465, 0.403863, 0.392556, 0.381944
0.79, 0.353774, 0.362881, 0.404135, 0.390439, 0.379958
0.791, 0.352065, 0.361119, 0.404413, 0.38832, 0.377975
0.792, 0.350364, 0.359365, 0.404698, 0.3862, 0.375994
0.793, 0.348671, 0.357619, 0.404989, 0.384079, 0.374016
0.794, 0.346987, 0.355882, 0.405287, 0.381958, 0.372041
0.795, 0.345312, 0.354153, 0.405592, 0.379837, 0.37007
0.796, 0.343646, 0.352434, 0.405903, 0.377716, 0.368103
0.797, 0.34199, 0.350726, 0.40622, 0.375596, 0.36614
0.798, 0.340344, 0.349027, 0.406545, 0.373478, 0.364183
0.799, 0.338708, 0.347339, 0.406876, 0.371362, 0.36223
0.8, 0.337084, 0.345662, 0.407213, 0.369249, 0.360284
0.801, 0.335471, 0.343996, 0.407558, 0.367139, 0.358344
0.802, 0.33387, 0.342342, 0.407909, 0.365033, 0.356411
0.803, 0.332281, 0.340701, 0.408267, 0.36293, 0.354485
0.804, 0.330705, 0.339073, 0.408631, 0.360833, 0.352567
0.805, 0.329142, 0.337457, 0.409003, 0.358741, 0.350657
0.806, 0.327592, 0.335856, 0.409381, 0.356655, 0.348755
0.807, 0.326057, 0.334268, 0.409766, 0.354576, 0.346863
0.808, 0.324536, 0.332695, 0.410159, 0.352503, 0.34498
0.809, 0.323029, 0.331137, 0.410558, 0.350439, 0.343108
0.81, 0.321538, 0.329595, 0.410963, 0.348383, 0.341246
0.811, 0.320063, 0.328068, 0.411376, 0.346335, 0.339395
0.812, 0.318604, 0.326558, 0.411796, 0.344298, 0.337556
0.813, 0.317162, 0.325065, 0.412223, 0.34227, 0.335729
0.814, 0.315736, 0.323589, 0.412657, 0.340254, 0.333915
0.815, 0.314329, 0.322131, 0.413098, 0.338249, 0.332114
0.816, 0.312939, 0.320692, 0.413546, 0.336257, 0.330327
0.817, 0.311568, 0.319271, 0.414001, 0.334277, 0.328554
0.818, 0.310216, 0.317869, 0.414463, 0.332311, 0.326797
0.819, 0.308884, 0.316487, 0.414933, 0.33036, 0.325054
0.82, 0.307571, 0.315126, 0.415409, 0.328423, 0.323328
0.821, 0.306279, 0.313785, 0.415893, 0.326502, 0.321618
0.822, 0.305008, 0.312465, 0.416384, 0.324598, 0.319925
0.823, 0.303759, 0.311168, 0.416882, 0.322711, 0.318251
0.824, 0.302531, 0.309892, 0.417388, 0.320842, 0.316594
0.825, 0.301326, 0.30864, 0.417901, 0.318992, 0.314957
0.826, 0.300144, 0.307411, 0.418421, 0.317161, 0.313339
0.827, 0.298986, 0.306206, 0.418948, 0.315351, 0.311741
0.828, 0.297851, 0.305025, 0.419483, 0.313562, 0.310164
0.829, 0.296741, 0.303869, 0.420025, 0.311795, 0.308608
0.83, 0.295656, 0.302739, 0.420575, 0.31005, 0.307074
0.831, 0.294597, 0.301634, 0.421132, 0.308329, 0.305564
0.832, 0.293564, 0.300557, 0.421697, 0.306632, 0.304076
0.833, 0.292558, 0.299506, 0.422269, 0.304961, 0.302612
0.834, 0.291579, 0.298483, 0.422848, 0.303316, 0.301173
0.835, 0.290627, 0.297489, 0.423435, 0.301697, 0.29976
0.836, 0.289705, 0.296523, 0.42403, 0.300107, 0.298372
0.837, 0.288811, 0.295587, 0.424632, 0.298545, 0.297011
0.838, 0.287946, 0.294681, 0.425242, 0.297013, 0.295677
0.839, 0.287111, 0.293805, 0.425859, 0.295511, 0.294371
0.84, 0.286308, 0.292961, 0.426484, 0.29404, 0.293094
0.841, 0.285535, 0.292148, 0.427117, 0.292602, 0.291847
0.842, 0.284794, 0.291367, 0.427758, 0.291197, 0.290629
0.843, 0.284085, 0.29062, 0.428406, 0.289826, 0.289443
0.844, 0.283409, 0.289906, 0.429062, 0.28849, 0.288288
0.845, 0.282767, 0.289226, 0.429725, 0.28719, 0.287165
0.846, 0.282159, 0.288581, 0.430397, 0.285928, 0.286075
0.847, 0.281586, 0.287971, 0.431076, 0.284703, 0.28502
0.848, 0.281048, 0.287398, 0.431763, 0.283517, 0.283998
0.849, 0.280546, 0.28686, 0.432458, 0.282371, 0.283013
0.85, 0.28008, 0.286361, 0.433161, 0.281266, 0.282063
0.851, 0.279652, 0.285899, 0.433872, 0.280203, 0.28115
0.852, 0.279261, 0.285475, 0.434591, 0.279183, 0.280275
0.853, 0.278909, 0.285091, 0.435318, 0.278206, 0.279439
0.854, 0.278596, 0.284746, 0.436052, 0.277275, 0.278641
0.855, 0.278322, 0.284442, 0.436795, 0.27639, 0.277884
0.856, 0.278089, 0.284179, 0.437546, 0.275552, 0.277168
0.857, 0.277897, 0.283958, 0.438305, 0.274762, 0.276493
0.858, 0.277746, 0.283779, 0.439072, 0.274021, 0.275862
0.859, 0.277638, 0.283644, 0.439847, 0.27333, 0.275273
0.86, 0.277573, 0.283552, 0.44063, 0.27269, 0.274729
0.861, 0.277551, 0.283504, 0.441421, 0.272103, 0.27423
0.862, 0.277573, 0.283502, 0.442221, 0.27157, 0.273777
0.863, 0.277641, 0.283546, 0.443028, 0.271091, 0.273371
0.864, 0.277754, 0.283636, 0.443844, 0.270667, 0.273013
0.865, 0.277913, 0.283773, 0.444668, 0.270301, 0.272703
0.866, 0.278119, 0.283958, 0.445501, 0.269992, 0.272443
0.867, 0.278373, 0.284192, 0.446341, 0.269742, 0.272233
0.868, 0.278675, 0.284476, 0.44719, 0.269552, 0.272075
0.869, 0.279027, 0.284809, 0.448048, 0.269423, 0.271969
0.87, 0.279428, 0.285193, 0.448914, 0.269357, 0.271917
0.871, 0.279879, 0.285629, 0.449788, 0.269354, 0.271918
0.872, 0.280382, 0.286116, 0.45067, 0.269416, 0.271975
0.873, 0.280937, 0.286657, 0.451561, 0.269544, 0.272088
0.874, 0.281544, 0.287252, 0.452461, 0.269738, 0.272258
0.875, 0.282204, 0.287901, 0.453369, 0.270001, 0.272486
0.876, 0.282919, 0.288605, 0.454285, 0.270332, 0.272773
0.877, 0.283688, 0.289365, 0.45521, 0.270734, 0.27312
0.878, 0.284513, 0.290182, 0.456144, 0.271208, 0.273528
0.879, 0.285395, 0.291057, 0.457086, 0.271754, 0.273998
0.88, 0.286333, 0.291989, 0.458037, 0.272374, 0.274531
0.881, 0.287329, 0.292981, 0.458996, 0.273068, 0.275128
0.882, 0.288384, 0.294033, 0.459964, 0.273839, 0.275791
0.883, 0.289498, 0.295145, 0.460941, 0.274688, 0.276519
0.884, 0.290672, 0.296318, 0.461927, 0.275614, 0.277315
0.885, 0.291908, 0.297554, 0.462921, 0.276621, 0.278179
0.886, 0.293204, 0.298853, 0.463924, 0.277708, 0.279113
0.887, 0.294564, 0.300215, 0.464935, 0.278877, 0.280117
0.888, 0.295986, 0.301642, 0.465956, 0.280129, 0.281192
0.889, 0.297473, 0.303135, 0.466985, 0.281465, 0.28234
0.89, 0.299024, 0.304694, 0.468023, 0.282887, 0.283562
0.891, 0.300641, 0.30632, 0.46907, 0.284395, 0.284859
0.892, 0.302324, 0.308013, 0.470126, 0.285991, 0.286232
0.893, 0.304075, 0.309776, 0.471191, 0.287676, 0.287682
0.894, 0.305894, 0.311608, 0.472265, 0.289451, 0.28921
0.895, 0.307781, 0.31351, 0.473348, 0.291317, 0.290818
0.896, 0.309739, 0.315484, 0.47444, 0.293275, 0.292506
0.897, 0.311767, 0.31753, 0.47554, 0.295327, 0.294277
0.898, 0.313866, 0.319649, 0.47665, 0.297473, 0.29613
0.899, 0.316038, 0.321841, 0.477769, 0.299714, 0.298067
0.9, 0.318282, 0.324109, 0.478897, 0.302053, 0.30009
0.901, 0.320601, 0.326452, 0.480034, 0.304489, 0.3022
0.902, 0.322995, 0.328871, 0.481181, 0.307024, 0.304397
0.903, 0.325464, 0.331368, 0.482336, 0.309659, 0.306684
0.904, 0.32801, 0.333943, 0.4835, 0.312395, 0.309061
0.905, 0.330633, 0.336597, 0.484674, 0.315233, 0.311529
0.906, 0.333334, 0.339331, 0.485857, 0.318174, 0.314091
0.907, 0.336115, 0.342147, 0.48705, 0.321219, 0.316746
0.908, 0.338976, 0.345044, 0.488251, 0.32437, 0.319497
0.909, 0.341917, 0.348024, 0.489462, 0.327627, 0.322345
0.91, 0.344941, 0.351087, 0.490682, 0.33099, 0.325291
0.911, 0.348047, 0.354235, 0.491912, 0.334462, 0.328336
0.912, 0.351237, 0.357469, 0.493151, 0.338044, 0.331482
0.913, 0.354512, 0.360789, 0.494399, 0.341735, 0.33473
0.914, 0.357872, 0.364197, 0.495657, 0.345537, 0.338082
0.915, 0.361319, 0.367693, 0.496924, 0.349451, 0.341538
0.916, 0.364853, 0.371279, 0.4982, 0.353478, 0.3451
0.917, 0.368475, 0.374954, 0.499487, 0.357618, 0.34877
0.918, 0.372187, 0.378722, 0.500782, 0.361873, 0.352549
0.919, 0.375989, 0.382581, 0.502087, 0.366244, 0.356439
0.92, 0.379882, 0.386533, 0.503402, 0.37073, 0.36044
0.921, 0.383867, 0.39058, 0.504726, 0.375333, 0.364554
0.922, 0.387945, 0.394722, 0.50606, 0.380055, 0.368783
0.923, 0.392117, 0.39896, 0.507404, 0.384894, 0.373128
0.924, 0.396384, 0.403296, 0.508757, 0.389853, 0.37759
0.925, 0.400748, 0.407729, 0.51012, 0.394931, 0.382171
0.926, 0.405208, 0.412262, 0.511493, 0.40013, 0.386873
0.927, 0.409766, 0.416895, 0.512875, 0.40545, 0.391697
0.928, 0.414424, 0.421629, 0.514267, 0.410891, 0.396645
0.929, 0.419181, 0.426466, 0.515669, 0.416455, 0.401718
0.93, 0.424039, 0.431406, 0.517081, 0.422142, 0.406917
0.931, 0.428999, 0.43645, 0.518503, 0.427952, 0.412244
0.932, 0.434062, 0.441599, 0.519934, 0.433885, 0.417701
0.933, 0.43923, 0.446855, 0.521375, 0.439943, 0.423289
0.934, 0.444502, 0.452219, 0.522827, 0.446125, 0.42901
0.935, 0.44988, 0.457691, 0.524288, 0.452433, 0.434865
0.936, 0.455366, 0.463272, 0.525759, 0.458865, 0.440856
0.937, 0.46096, 0.468964, 0.52724, 0.465423, 0.446985
0.938, 0.466662, 0.474768, 0.528731, 0.472106, 0.453253
0.939, 0.472476, 0.480685, 0.530232, 0.478916, 0.459662
0.94, 0.4784, 0.486716, 0.531743, 0.485851, 0.466214
0.941, 0.484437, 0.492862, 0.533264, 0.492913, 0.47291
0.942, 0.490588, 0.499123, 0.534796, 0.500101, 0.479751
0.943, 0.496853, 0.505503, 0.536337, 0.507415, 0.48674
0.944, 0.503233, 0.512, 0.537889, 0.514855, 0.493879
0.945, 0.509731, 0.518617, 0.53945, 0.522421, 0.501168
0.946, 0.516346, 0.525354, 0.541022, 0.530113, 0.50861
0.947, 0.52308, 0.532213, 0.542604, 0.53793, 0.516207
0.948, 0.529934, 0.539195, 0.544196, 0.545874, 0.523959
0.949, 0.536909, 0.546301, 0.545799, 0.553942, 0.53187
0.95, 0.544007, 0.553532, 0.547412, 0.562135, 0.53994
0.951, 0.551228, 0.560889, 0.549035, 0.570452, 0.548172
0.952, 0.558573, 0.568374, 0.550669, 0.578893, 0.556567
0.953, 0.566044, 0.575987, 0.552313, 0.587457, 0.565127
0.954, 0.573642, 0.58373, 0.553967, 0.596144, 0.573854
0.955, 0.581368, 0.591604, 0.555631, 0.604952, 0.582749
0.956, 0.589223, 0.59961, 0.557307, 0.613882, 0.591816
0.957, 0.597208, 0.607749, 0.558992, 0.622932, 0.601055
0.958, 0.605325, 0.616023, 0.560688, 0.632101, 0.610468
0.959, 0.613574, 0.624433, 0.562395, 0.641389, 0.620057
0.96, 0.621956, 0.632979, 0.564112, 0.650794, 0.629825
0.961, 0.630474, 0.641664, 0.565839, 0.660316, 0.639773
0.962, 0.639128, 0.650487, 0.567577, 0.669952, 0.649902
0.963, 0.647919, 0.659452, 0.569326, 0.679702, 0.660216
0.964, 0.656849, 0.668558, 0.571085, 0.689564, 0.670715
0.965, 0.665918, 0.677807, 0.572855, 0.699538, 0.681403
0.966, 0.675128, 0.6872, 0.574636, 0.70962, 0.69228
0.967, 0.68448, 0.696739, 0.576427, 0.71981, 0.703349
0.968, 0.693976, 0.706424, 0.57823, 0.730106, 0.714612
0.969, 0.703616, 0.716258, 0.580042, 0.740506, 0.726071
0.97, 0.713402, 0.72624, 0.581866, 0.751009, 0.737728
0.971, 0.723336, 0.736374, 0.5837, 0.761611, 0.749585
0.972, 0.733417, 0.746659, 0.585545, 0.772312, 0.761644
0.973, 0.743648, 0.757097, 0.587401, 0.783108, 0.773907
0.974, 0.754029, 0.767689, 0.589268, 0.793998, 0.786376
0.975, 0.764563, 0.778437, 0.591146, 0.804978, 0.799054
0.976, 0.77525, 0.789342, 0.593035, 0.816048, 0.811942
0.977, 0.786092, 0.800406, 0.594934, 0.827203, 0.825043
0.978, 0.797089, 0.811629, 0.596845, 0.838441, 0.838359
0.979, 0.808244, 0.823012, 0.598766, 0.849759, 0.851892
0.98, 0.819557, 0.834558, 0.600699, 0.861155, 0.865643
0.981, 0.83103, 0.846268, 0.602642, 0.872624, 0.879616
0.982, 0.842664, 0.858143, 0.604597, 0.884164, 0.893813
0.983, 0.854461, 0.870183, 0.606563, 0.895772, 0.908236
0.984, 0.866421, 0.882392, 0.60854, 0.907443, 0.922886
0.985, 0.878546, 0.894769, 0.610527, 0.919175, 0.937767
0.986, 0.890837, 0.907317, 0.612526, 0.930963, 0.95288
0.987, 0.903296, 0.920036, 0.614537, 0.942804, 0.968229
0.988, 0.915924, 0.932928, 0.616558, 0.954693, 0.983814
0.989, 0.928722, 0.945995, 0.618591, 0.966627, 0.999639
0.99, 0.941693, 0.959237, 0.620635, 0.9786, 1.01571
0.991, 0.954836, 0.972657, 0.62269, 0.990609, 1.03202
0.992, 0.968153, 0.986256, 0.624756, 1.00265, 1.04857
0.993, 0.981647, 1.00003, 0.626834, 1.01471, 1.06538
0.994, 0.995317, 1.01399, 0.628923, 1.0268, 1.08244
0.995, 1.00917, 1.02814, 0.631023, 1.0389, 1.09975
0.996, 1.0232, 1.04246, 0.633135, 1.05102, 1.11732
0.997, 1.03741, 1.05698, 0.635258, 1.06313, 1.13514
0.998, 1.0518, 1.07168, 0.637393, 1.07525, 1.15323
0.999, 1.06638, 1.08656, 0.639539, 1.08736, 1.17158
